ID,Name
8445446,Serge Bernier
8446097,Michael Clayton
8446476,Doug Dragasevich
8446604,Marvin Edwards
8447495,Gregory Hampson
8447721,Robert Hehir
8448751,Ronald Leef
8448984,Daryl MacLeod
8450157,Vladimir Sivak
8450171,Dave Hanson
8450183,Art Farrell
8450187,Fred Scanlan
8451630,Barrie Stafford
8455472,Real Arsenault
8455475,Mark Ashton
8455698,Daniel Brettschneider
8455775,Mario Callas
8455781,Jim Campbell
8455897,Ted Cline
8456107,Scott Dravitch
8456157,Bohuslav Ebermann
8456200,Gordon Ernst
8456217,Tony Fairfield
8456222,Jim Farell
8456239,Scott Ferguson
8456259,Art Fitzgerald
8456366,John Giftopoulos
8456471,Jacob Gustavsson
8456493,Jeff Hammett
8456571,Stan Hennigar
8456682,John Hynes
8456689,Darryl Ingham
8456711,Michael Jeffrey
8456792,Mark Karpen
8456812,Jamie Kelly
8456836,Joe King
8456841,David Kirwin
8456967,Pierre Langevin
8456993,Robert Larsson
8457058,Jeff Leverman
8457074,Sam Lindstahl
8457091,Byron Lomow
8457166,William MacNaught
8457175,Peter Madach
8457196,Steffan Malmquist
8457202,Joey Mandanici
8457229,Dennis Martin
8457235,Per Martinelle
8457520,Stefan Nilsson
8457522,Ulf Nilsson
8457542,Eric Oakman
8457548,Brian O'Connor
8457622,Maurizo Pasinato
8457674,Craig Piette
8457793,Mark Rice
8457794,Robert Rice
8457825,William Jr. Robinson
8457868,Antonin Routa
8457965,John Schratz
8457972,Barry Scott
8457986,Kurt Semandel
8458091,Steve Spott
8458122,Daniel Stephano
8458274,Alexander Tyzhnych
8458329,Doug Voss
8458343,Theran Walsh
8458349,Stephen Ward
8458413,David Williams
8458829,Brian Cook
8458837,Radek Sip
8458881,Ryan Fox
8460875,Robert Brown
8461164,Jason Renard
8461588,Beat Equilino
8462647,Vadim Slivchenko
8462842,Mike Morin
8466042,David Joseph
8466043,Russ Romanicek
8466091,Igor Galkin
8466190,Vratislav Cech
8467724,Nikolai Syrtsov
8468314,Oleksandre Alyeksyeyev
8468358,Kris Wells
8468388,Roman Erat
8468759,Andreas Lindstrom
8469098,Darren Clark
8475657,Matthew Lopes
8478383,Max Novak
8479107,Mike Fasulo
8479110,Stephane Waite
8479112,Ronnie Spano
8479113,Fred Bergman
8479114,Mike Nicholson
8479116,Ian Durant
8479117,Spencer Williams
8479119,Brian Breseman
8479121,Thomas Speer
8479122,Dave Zarn
8479123,Ed Fischermann
8479125,Brad Scholl
8479126,Peter Smith
8479128,Cory Wright
8479129,Garret Bodington
8479130,Brian Keene
8479144,Ryan Morrison
8479145,Aaron Robinson
8479146,Gord Wilson
8479147,Nick Sullivan
8479162,A.J. Bucchino
8479192,Benoit Allaire
8479211,Adam Janecyk
8479565,David Bernhardt
8479801,Pierre Groulx
8479806,James Britt
8479809,Sergey Kocharov
8479813,Jason Deihl
8479814,Greg Hussoij
8479816,Adam Duke
8479817,Casey Kilielinski
8479818,Tim Webb
8479819,Victor Trojaiv
8479820,Dustin Wilson
8479821,Brad Sholl
8479823,James Viers
8479824,Dominick Saillant
8479825,Patrick Langlois
8479826,Jason Szpyra
8479901,Blair Robertson
8480522,Glen Lafrenais
8480532,Nathan Larson
8480533,Eric Chiccone
8480544,Matt Palella
8480546,Derek Hess
8480554,Steven Porzio
8480555,Travis Potts
8480560,Dave Nowak
8480567,Graham Hallenbeck
8480572,Michael Katz
8480574,Philip Olivero
8480575,Greg Holland
8480576,William Lutz
8480596,Justin Goldman
8480598,Garvis Sloane
8480600,Brian Mason
8480602,Bobby Willey
8480608,Lyric Black
8480676,Brian German
8480705,Frank Digiacomo
8480755,Mike Vonnes
8481277,Peter Tabernik
8481282,Josh Block
8481302,Reid Pennington
8481307,Alex Kotai
8481310,Aaron Jorgensen
8481316,Kurt Pflumm
8481321,Erik Naimoli
8481375,Sean Dougherty
8481419,Brian Nicoletti
8481424,Taniel Pogharian
8481453,Peter Tischke
8481911,John Bastoni
8481912,Alex Musick
8481914,Chris Destefano
8481919,Carl Benoit
8481944,Michael Gragnano
8481945,Michael Breslawski
8481950,Mitch Kilgore
8481972,Edward Berlin
8481973,Matthew Pamidi
8482004,Derek Mohney
8482040,Jordan Wark
8482457,Eric Engstrand
8482467,Elliot Ekefjard
8482469,Jeremias Lindewall
8482471,Linus Oberg
8482499,Samuel Johannesson
8482502,Viktor Persson
8482532,Andrew Peski
8482622,James Sanchez
8482779,Andrei Buyalsky
8482842,Shawn Element
8482862,Oliver Johansson
8482914,Kirill Gerasimyuk
8482935,Dmitri Rashevsky
8482945,Ivan Vorobyov
8483169,Matt Voity
8483176,Matthew Wynn
8483177,Wayne Fjeld
8483178,Nick Jones
8483179,Tyler Zetting
8483203,Dave Nozzolillo
8483259,Brody Micolucci
8483288,Jeff Hernandez
8483292,Nikolas St. Onge
8483310,Bailey Brkin
8483311,Christopher Lijdsman
8483326,David Tomeo
8483338,Daniel Mannella
8483344,Matt Zenzola
8483368,Andrew Wong
8483564,Oliver Chau
8483578,Garrett Van Whye
8483716,Joel Ratkovic Berndtsson
8483746,Vyacheslav Buteyets
8483754,Jakub Vondras
8483757,Theo Wallberg
8483803,Anthony Repaci
8483818,Daniil Bourash
8483941,Chris Distefano
8483942,Presely Lester
8484030,Francis Gardner
8484068,Eric Brindza
8484070,Patrick Chevrefils
8484253,Ryan Sandelin
8484261,Kyle Mayhew
8484437,Olof Glifford
8484644,Tim Poe
8484648,Kevyn Brassard
8484649,William Robidoux
8484652,Jake Balsdon
8484686,Andrew Stewart
8484687,Vincent Rivest
8484708,Joakim Jordansson
8484752,Bryan Forbes
8484883,Zachary Okabe
8484885,Nick Stofcheck
8484886,Cameron Gray
8484947,Harrison Rees
8484948,Wyllum Deveaux
8484950,Nicholas Zabaneh
8485268,Andrew Via
8485270,Reid Jacobson
8485280,Nicholas Rice
8485293,Matthew Skupien
8485297,Daniel Foley
8485330,Christopher Rinaldi
8485449,Ryland Mosley
8485677,Jakob Leander
8485794,Vincent Collard
8485798,Rowan Topp
8485800,Ondrej Stebetak
8485802,Ivans Kufterins
8485808,Kaleb Hartmann
8485809,Maddox Labre
